{"cameraMode":{"drawMode":0,"name":"Shaded","section":"Shading Mode"},"sceneLighting":true,"audioPlay":false,"sceneViewState":{"m_AlwaysRefresh":false,"showFog":true,"showSkybox":true,"showFlares":true,"showImageEffects":true,"showParticleSystems":true,"showVisualEffectGraphs":true,"m_FxEnabled":true},"in2DMode":false,"pivot":{"x":417.36724853515627,"y":9.900108337402344,"z":500.3365783691406},"rotation":{"x":0.47844260931015017,"y":0.007464559283107519,"z":-0.004065761808305979,"w":0.878081202507019},"size":24.83261489868164,"orthographic":false}