{"cameraMode":{"drawMode":0,"name":"Shaded","section":"Shading Mode"},"sceneLighting":false,"audioPlay":false,"sceneViewState":{"m_AlwaysRefresh":false,"showFog":true,"showSkybox":false,"showFlares":true,"showImageEffects":true,"showParticleSystems":true,"showVisualEffectGraphs":true,"m_FxEnabled":true},"in2DMode":false,"pivot":{"x":0.0582118034362793,"y":0.18000000715255738,"z":0.43654870986938479},"rotation":{"x":0.032062262296676639,"y":-0.882448673248291,"z":0.4653843343257904,"w":0.06080429628491402},"size":3.462195873260498,"orthographic":false}